{
    "bboxes": [
        [
            495.1005554199219,
            462.26824951171875,
            516.686767578125,
            475.9012451171875
        ],
        [
            420.2134094238281,
            445.9546203613281,
            434.9820861816406,
            455.5676574707031
        ],
        [
            629.2509765625,
            456.06964111328125,
            638.4429931640625,
            464.6390686035156
        ],
        [
            412.5354919433594,
            447.3725280761719,
            427.8870544433594,
            457.10247802734375
        ],
        [
            1.6221765279769897,
            425.11553955078125,
            11.588672637939453,
            433.4383850097656
        ]
    ],
    "labels": [
        0,
        0,
        0,
        0,
        0
    ],
    "scores": [
        0.9884377121925354,
        0.940861165523529,
        0.934567391872406,
        0.8253565430641174,
        0.3586069941520691
    ]
}