{"lr": 9.90981963927856e-06, "data_time": 0.007848434448242188, "grad_norm": 144.68683654785156, "loss": 20.092965412139893, "loss_cls": 0.3862098023295403, "loss_bbox": 0.08052680142223835, "loss_iou": 0.7169317817687988, "d0.loss_cls": 0.3988798248767853, "d0.loss_bbox": 0.08605536073446274, "d0.loss_iou": 0.7308578932285309, "d1.loss_cls": 0.40482709646224974, "d1.loss_bbox": 0.08470246963202953, "d1.loss_iou": 0.7290096068382264, "d2.loss_cls": 0.38599755853414536, "d2.loss_bbox": 0.08259723447263241, "d2.loss_iou": 0.7214441454410553, "d3.loss_cls": 0.3888550508022308, "d3.loss_bbox": 0.0837718791514635, "d3.loss_iou": 0.7263886082172394, "d4.loss_cls": 0.3867450976371765, "d4.loss_bbox": 0.08239059440791607, "d4.loss_iou": 0.7178840732574463, "enc_loss_cls": 0.39033876448869703, "enc_loss_bbox": 0.0835025305300951, "enc_loss_iou": 0.7389585822820663, "dn_loss_cls": 0.9588312900066376, "dn_loss_bbox": 0.17659416608512402, "dn_loss_iou": 1.0956268537044525, "d0.dn_loss_cls": 0.5193099713325501, "d0.dn_loss_bbox": 0.07693123027682304, "d0.dn_loss_iou": 0.8483003294467926, "d1.dn_loss_cls": 0.7439409303665161, "d1.dn_loss_bbox": 0.10748829700052738, "d1.dn_loss_iou": 0.9614134037494659, "d2.dn_loss_cls": 0.8257873433828354, "d2.dn_loss_bbox": 0.09275134950876236, "d2.dn_loss_iou": 0.9280180621147156, "d3.dn_loss_cls": 0.896244792342186, "d3.dn_loss_bbox": 0.17887006655335427, "d3.dn_loss_iou": 1.0724583792686462, "d4.dn_loss_cls": 0.9239468574523926, "d4.dn_loss_bbox": 0.1864045859128237, "d4.dn_loss_iou": 1.0931730699539184, "time": 0.5096806383132935, "epoch": 1, "iter": 50, "memory": 11998, "step": 50}
{"lr": 1.991983967935873e-05, "data_time": 0.0050917243957519535, "grad_norm": 106.61333709716797, "loss": 10.63660080909729, "loss_cls": 0.19884734101593493, "loss_bbox": 0.04341406736522913, "loss_iou": 0.5625559884309769, "d0.loss_cls": 0.1699753013253212, "d0.loss_bbox": 0.0462744727730751, "d0.loss_iou": 0.5905259025096893, "d1.loss_cls": 0.1989256225526333, "d1.loss_bbox": 0.0448910890519619, "d1.loss_iou": 0.5732192802429199, "d2.loss_cls": 0.19374522611498832, "d2.loss_bbox": 0.04436662942171097, "d2.loss_iou": 0.5692393469810486, "d3.loss_cls": 0.2042182582616806, "d3.loss_bbox": 0.04422396272420883, "d3.loss_iou": 0.5650181096792221, "d4.loss_cls": 0.20918540351092815, "d4.loss_bbox": 0.04377598185092211, "d4.loss_iou": 0.5617221617698669, "enc_loss_cls": 0.16946337208151818, "enc_loss_bbox": 0.04670577138662338, "enc_loss_iou": 0.5827136796712875, "dn_loss_cls": 0.20177925042808056, "dn_loss_bbox": 0.04393756356090307, "dn_loss_iou": 0.5670244008302688, "d0.dn_loss_cls": 0.2033168628811836, "d0.dn_loss_bbox": 0.05416542492806911, "d0.dn_loss_iou": 0.6544572257995606, "d1.dn_loss_cls": 0.1982922614365816, "d1.dn_loss_bbox": 0.04646685115993023, "d1.dn_loss_iou": 0.5876024150848389, "d2.dn_loss_cls": 0.19235698461532594, "d2.dn_loss_bbox": 0.043738353103399276, "d2.dn_loss_iou": 0.5655451947450638, "d3.dn_loss_cls": 0.19727540284395217, "d3.dn_loss_bbox": 0.043945901468396185, "d3.dn_loss_iou": 0.5658030837774277, "d4.dn_loss_cls": 0.19736855529248715, "d4.dn_loss_bbox": 0.043879257552325725, "d4.dn_loss_iou": 0.5666388309001923, "time": 0.5044283151626587, "epoch": 1, "iter": 100, "memory": 11998, "step": 100}
